HitRate, AccessCounter
0, 0
0, 1
0, 2
0, 3
0, 4
0, 5
0, 6
0, 7
0, 8
0, 9
0, 10
0, 11
0, 12
0, 13
0, 14
0, 15
0, 16
0, 17
0, 18
0, 19
0, 20
0, 21
0, 22
0, 23
0, 24
0, 25
0, 26
0, 27
0, 28
0, 29
0, 30
0, 31
0, 32
0, 33
0, 34
0, 35
0, 36
0, 37
0, 38
0, 39
0, 40
0, 41
0, 42
0, 43
0, 44
0, 45
0, 46
0, 47
0, 48
0, 49
0, 50
0, 51
0, 52
0, 53
0, 54
1.79, 55
1.75, 56
1.72, 57
1.69, 58
1.67, 59
1.64, 60
1.61, 61
1.59, 62
1.56, 63
1.54, 64
1.52, 65
1.49, 66
1.47, 67
1.45, 68
1.43, 69
1.41, 70
1.39, 71
1.37, 72
1.35, 73
1.33, 74
1.32, 75
1.3, 76
1.28, 77
1.27, 78
1.25, 79
1.23, 80
1.22, 81
1.2, 82
1.19, 83
1.18, 84
1.16, 85
1.15, 86
1.14, 87
1.12, 88
1.11, 89
1.1, 90
1.09, 91
1.08, 92
1.06, 93
1.05, 94
1.04, 95
1.03, 96
1.02, 97
1.01, 98
1, 99
0.99, 100
0.98, 101
0.97, 102
0.96, 103
0.95, 104
0.94, 105
0.93, 106
0.93, 107
0.92, 108
0.91, 109
0.9, 110
0.89, 111
0.88, 112
0.88, 113
0.87, 114
0.86, 115
0.85, 116
0.85, 117
0.84, 118
0.83, 119
0.83, 120
0.82, 121
0.81, 122
0.81, 123
0.8, 124
0.79, 125
0.79, 126
0.78, 127
0.78, 128
0.77, 129
0.76, 130
0.76, 131
0.75, 132
0.75, 133
0.74, 134
0.74, 135
0.73, 136
0.72, 137
0.72, 138
0.71, 139
0.71, 140
0.7, 141
0.7, 142
0.69, 143
0.69, 144
0.68, 145
1.36, 146
1.35, 147
1.34, 148
1.33, 149
1.32, 150
1.32, 151
1.31, 152
1.3, 153
1.29, 154
1.28, 155
1.27, 156
1.27, 157
1.26, 158
1.25, 159
1.24, 160
1.23, 161
1.23, 162
1.22, 163
1.21, 164
1.2, 165
1.2, 166
1.19, 167
1.18, 168
1.18, 169
1.17, 170
1.16, 171
1.16, 172
1.15, 173
1.14, 174
1.14, 175
1.13, 176
1.12, 177
1.12, 178
1.11, 179
1.1, 180
1.1, 181
1.09, 182
1.09, 183
1.08, 184
1.08, 185
1.07, 186
1.06, 187
1.59, 188
1.58, 189
1.57, 190
1.56, 191
1.55, 192
1.55, 193
1.54, 194
1.53, 195
1.52, 196
1.52, 197
1.51, 198
1.5, 199
1.49, 200
1.49, 201
1.48, 202
1.47, 203
1.46, 204
1.46, 205
1.45, 206
1.44, 207
1.44, 208
1.43, 209
1.42, 210
1.42, 211
1.41, 212
1.4, 213
1.4, 214
1.39, 215
1.38, 216
1.38, 217
1.37, 218
1.36, 219
1.36, 220
1.35, 221
1.35, 222
1.34, 223
1.78, 224
2.21, 225
2.2, 226
2.19, 227
2.18, 228
2.61, 229
2.6, 230
2.59, 231
2.58, 232
2.56, 233
2.55, 234
2.54, 235
2.53, 236
2.52, 237
2.93, 238
2.92, 239
2.9, 240
2.89, 241
2.88, 242
2.87, 243
2.86, 244
2.85, 245
2.83, 246
2.82, 247
2.81, 248
2.8, 249
2.79, 250
2.78, 251
2.77, 252
2.76, 253
2.75, 254
3.13, 255
3.11, 256
3.49, 257
3.47, 258
3.46, 259
3.45, 260
3.44, 261
3.42, 262
3.41, 263
3.4, 264
3.38, 265
3.37, 266
3.36, 267
3.35, 268
3.33, 269
3.32, 270
3.31, 271
3.3, 272
3.28, 273
3.27, 274
3.26, 275
3.25, 276
3.24, 277
3.23, 278
3.21, 279
3.2, 280
3.19, 281
3.18, 282
3.17, 283
3.16, 284
3.15, 285
3.14, 286
3.13, 287
3.11, 288
3.1, 289
3.09, 290
3.08, 291
3.07, 292
3.06, 293
3.05, 294
3.38, 295
3.37, 296
3.36, 297
3.34, 298
3.33, 299
3.32, 300
3.31, 301
3.3, 302
3.29, 303
3.28, 304
3.27, 305
3.26, 306
3.25, 307
3.24, 308
3.23, 309
3.22, 310
3.53, 311
3.51, 312
3.5, 313
3.49, 314
3.48, 315
3.47, 316
3.46, 317
3.45, 318
3.44, 319
3.43, 320
3.42, 321
3.41, 322
3.4, 323
3.38, 324
3.37, 325
3.36, 326
3.35, 327
3.34, 328
3.33, 329
3.32, 330
3.31, 331
3.3, 332
3.29, 333
3.28, 334
3.27, 335
3.26, 336
3.25, 337
3.54, 338
3.53, 339
3.52, 340
3.51, 341
3.5, 342
3.49, 343
3.48, 344
3.47, 345
3.46, 346
3.45, 347
3.44, 348
3.71, 349
3.7, 350
3.69, 351
3.68, 352
3.67, 353
3.66, 354
3.65, 355
3.64, 356
3.63, 357
3.62, 358
3.61, 359
3.6, 360
3.59, 361
3.58, 362
3.57, 363
3.56, 364
3.55, 365
3.54, 366
3.53, 367
3.52, 368
3.51, 369
3.5, 370
3.49, 371
3.49, 372
3.48, 373
3.47, 374
3.46, 375
3.45, 376
3.44, 377
3.43, 378
3.42, 379
3.41, 380
3.4, 381
3.39, 382
3.39, 383
3.64, 384
3.63, 385
3.62, 386
3.61, 387
3.6, 388
3.85, 389
3.84, 390
3.83, 391
3.82, 392
3.81, 393
3.8, 394
3.79, 395
3.78, 396
3.77, 397
3.76, 398
3.75, 399
3.74, 400
3.73, 401
3.72, 402
3.71, 403
3.7, 404
3.69, 405
3.69, 406
3.68, 407
3.67, 408
3.66, 409
3.65, 410
3.64, 411
3.63, 412
3.62, 413
3.61, 414
3.61, 415
3.6, 416
3.59, 417
3.58, 418
3.57, 419
3.8, 420
3.79, 421
3.78, 422
3.77, 423
4, 424
3.99, 425
3.98, 426
3.97, 427
3.96, 428
3.95, 429
3.94, 430
4.17, 431
4.16, 432
4.38, 433
4.37, 434
4.36, 435
4.35, 436
4.34, 437
4.33, 438
4.32, 439
4.31, 440
4.3, 441
4.29, 442
4.28, 443
4.27, 444
4.26, 445
4.25, 446
4.24, 447
4.23, 448
4.44, 449
4.43, 450
4.42, 451
4.42, 452
4.41, 453
4.4, 454
4.39, 455
4.38, 456
4.37, 457
4.36, 458
4.35, 459
4.34, 460
4.33, 461
4.32, 462
4.31, 463
4.3, 464
4.29, 465
4.28, 466
4.49, 467
4.48, 468
4.47, 469
4.46, 470
4.45, 471
4.44, 472
4.43, 473
4.42, 474
4.41, 475
4.4, 476
4.39, 477
4.59, 478
4.58, 479
4.57, 480
4.56, 481
4.55, 482
4.55, 483
4.54, 484
4.53, 485
4.52, 486
4.71, 487
4.7, 488
4.69, 489
4.89, 490
4.88, 491
4.87, 492
5.06, 493
5.05, 494
5.04, 495
5.03, 496
5.02, 497
5.01, 498
5, 499
4.99, 500
4.98, 501
4.97, 502
4.96, 503
5.15, 504
5.14, 505
5.13, 506
5.12, 507
5.11, 508
5.1, 509
5.09, 510
5.08, 511
5.07, 512
5.25, 513
5.24, 514
5.43, 515
5.42, 516
5.41, 517
5.39, 518
5.38, 519
5.37, 520
5.36, 521
5.35, 522
5.34, 523
5.33, 524
5.32, 525
5.31, 526
5.3, 527
5.48, 528
5.47, 529
5.65, 530
5.64, 531
5.63, 532
5.62, 533
5.61, 534
5.6, 535
5.59, 536
5.58, 537
5.57, 538
5.74, 539
5.73, 540
5.72, 541
5.71, 542
5.7, 543
5.87, 544
5.86, 545
6.03, 546
6.02, 547
6.01, 548
6, 549
5.99, 550
5.98, 551
5.97, 552
5.96, 553
5.95, 554
5.94, 555
5.92, 556
5.91, 557
6.08, 558
6.07, 559
6.06, 560
6.05, 561
6.04, 562
6.03, 563
6.02, 564
6.01, 565
6, 566
5.99, 567
5.98, 568
5.96, 569
5.95, 570
5.94, 571
5.93, 572
5.92, 573
5.91, 574
5.9, 575
5.89, 576
5.88, 577
5.87, 578
5.86, 579
5.85, 580
5.84, 581
5.83, 582
5.82, 583
5.81, 584
5.8, 585
5.79, 586
5.78, 587
5.77, 588
5.76, 589
5.75, 590
5.74, 591
5.73, 592
5.72, 593
5.71, 594
5.7, 595
5.7, 596
5.69, 597
5.68, 598
5.67, 599
5.66, 600
5.65, 601
5.64, 602
5.63, 603
5.62, 604
5.61, 605
5.6, 606
5.59, 607
5.58, 608
5.57, 609
5.56, 610
5.56, 611
5.55, 612
5.54, 613
5.69, 614
5.68, 615
5.67, 616
5.83, 617
5.82, 618
5.81, 619
5.8, 620
5.79, 621
5.78, 622
5.93, 623
5.92, 624
5.91, 625
5.9, 626
5.89, 627
5.88, 628
5.87, 629
5.86, 630
5.85, 631
5.85, 632
5.84, 633
5.83, 634
5.82, 635
5.81, 636
5.8, 637
5.79, 638
5.78, 639
5.77, 640
5.76, 641
5.75, 642
5.75, 643
5.74, 644
5.88, 645
5.87, 646
6.02, 647
6.01, 648
6, 649
5.99, 650
5.98, 651
5.97, 652
5.96, 653
5.95, 654
5.95, 655
5.94, 656
5.93, 657
5.92, 658
5.91, 659
5.9, 660
5.89, 661
5.88, 662
5.87, 663
6.02, 664
6.16, 665
6.15, 666
6.14, 667
6.13, 668
6.12, 669
6.11, 670
6.25, 671
6.39, 672
6.38, 673
6.37, 674
6.36, 675
6.35, 676
6.34, 677
6.33, 678
6.32, 679
6.31, 680
6.3, 681
6.3, 682
6.29, 683
6.28, 684
6.41, 685
6.4, 686
6.4, 687
6.39, 688
6.38, 689
6.37, 690
6.36, 691
6.35, 692
6.48, 693
6.47, 694
6.61, 695
6.6, 696
6.59, 697
6.58, 698
6.57, 699
6.7, 700
6.7, 701
6.69, 702
6.68, 703
6.67, 704
6.66, 705
6.65, 706
6.64, 707
6.63, 708
6.62, 709
6.61, 710
6.6, 711
6.59, 712
6.58, 713
6.57, 714
6.56, 715
6.69, 716
6.69, 717
6.68, 718
6.67, 719
6.66, 720
6.65, 721
6.64, 722
6.63, 723
6.76, 724
6.75, 725
6.74, 726
6.87, 727
7, 728
6.99, 729
6.98, 730
6.97, 731
6.96, 732
6.95, 733
6.94, 734
6.93, 735
7.06, 736
7.05, 737
7.04, 738
7.03, 739
7.02, 740
7.01, 741
7.13, 742
7.12, 743
7.11, 744
7.24, 745
7.36, 746
7.35, 747
7.34, 748
7.33, 749
7.32, 750
7.45, 751
7.44, 752
7.43, 753
7.42, 754
7.41, 755
7.4, 756
7.39, 757
7.38, 758
7.37, 759
7.36, 760
7.35, 761
7.34, 762
7.33, 763
7.32, 764
7.31, 765
7.3, 766
7.42, 767
7.41, 768
7.4, 769
7.52, 770
7.51, 771
7.5, 772
7.49, 773
7.48, 774
7.47, 775
7.46, 776
7.46, 777
7.45, 778
7.44, 779
7.43, 780
7.54, 781
7.54, 782
7.53, 783
7.52, 784
7.51, 785
7.5, 786
7.49, 787
7.48, 788
7.47, 789
7.46, 790
7.45, 791
7.44, 792
7.43, 793
7.42, 794
7.41, 795
7.4, 796
7.52, 797
7.51, 798
7.5, 799
7.49, 800
7.48, 801
7.47, 802
7.46, 803
7.45, 804
7.44, 805
7.43, 806
7.55, 807
7.54, 808
7.53, 809
7.52, 810
7.51, 811
7.5, 812
7.62, 813
7.61, 814
7.6, 815
7.59, 816
7.58, 817
7.57, 818
7.56, 819
7.55, 820
7.54, 821
7.53, 822
7.65, 823
7.64, 824
7.63, 825
7.62, 826
7.61, 827
7.6, 828
7.71, 829
7.7, 830
7.69, 831
7.68, 832
7.67, 833
7.66, 834
7.66, 835
7.77, 836
7.76, 837
7.75, 838
7.74, 839
7.73, 840
7.72, 841
7.71, 842
7.7, 843
7.69, 844
7.68, 845
7.67, 846
7.67, 847
7.66, 848
7.65, 849
7.64, 850
7.75, 851
7.85, 852
7.96, 853
7.95, 854
7.94, 855
7.93, 856
7.93, 857
8.03, 858
8.02, 859
8.01, 860
8, 861
8, 862
7.99, 863
7.98, 864
8.08, 865
8.07, 866
8.06, 867
8.06, 868
8.16, 869
8.27, 870
8.37, 871
8.36, 872
8.35, 873
8.46, 874
8.45, 875
8.44, 876
8.43, 877
8.53, 878
8.52, 879
8.51, 880
8.62, 881
8.61, 882
8.6, 883
8.59, 884
8.69, 885
8.79, 886
8.78, 887
8.77, 888
8.76, 889
8.75, 890
8.74, 891
8.73, 892
8.72, 893
8.72, 894
8.71, 895
8.7, 896
8.69, 897
8.68, 898
8.67, 899
8.66, 900
8.65, 901
8.75, 902
8.74, 903
8.73, 904
8.72, 905
8.71, 906
8.7, 907
8.69, 908
8.79, 909
8.78, 910
8.77, 911
8.76, 912
8.75, 913
8.85, 914
8.84, 915
8.83, 916
8.82, 917
8.81, 918
8.91, 919
8.9, 920
8.89, 921
8.88, 922
8.87, 923
8.86, 924
8.86, 925
8.85, 926
8.84, 927
8.83, 928
8.82, 929
8.92, 930
8.91, 931
8.9, 932
8.89, 933
8.88, 934
8.87, 935
8.86, 936
8.85, 937
8.84, 938
8.83, 939
8.93, 940
8.92, 941
8.91, 942
8.9, 943
8.89, 944
8.88, 945
8.98, 946
9.07, 947
9.06, 948
9.05, 949
9.04, 950
9.03, 951
9.02, 952
9.01, 953
9.11, 954
9.21, 955
9.2, 956
9.19, 957
9.18, 958
9.17, 959
9.16, 960
9.15, 961
9.14, 962
9.13, 963
9.12, 964
9.11, 965
9.1, 966
9.19, 967
9.18, 968
9.18, 969
9.17, 970
9.16, 971
9.25, 972
9.34, 973
9.44, 974
9.43, 975
9.42, 976
9.51, 977
9.5, 978
9.49, 979
9.58, 980
9.57, 981
9.56, 982
9.65, 983
9.64, 984
9.63, 985
9.63, 986
9.62, 987
9.61, 988
9.6, 989
9.59, 990
9.58, 991
9.57, 992
9.56, 993
9.55, 994
9.54, 995
9.53, 996
9.62, 997
9.71, 998
9.7, 999
9.69, 1000
9.68, 1001
9.67, 1002
9.76, 1003
9.75, 1004
9.74, 1005
9.73, 1006
9.72, 1007
9.81, 1008
9.8, 1009
9.79, 1010
9.78, 1011
9.87, 1012
9.96, 1013
9.95, 1014
9.94, 1015
9.93, 1016
10.02, 1017
10.11, 1018
10.1, 1019
10.19, 1020
10.18, 1021
10.17, 1022
10.25, 1023
10.24, 1024
10.23, 1025
10.22, 1026
10.21, 1027
10.2, 1028
10.29, 1029
10.28, 1030
10.37, 1031
10.36, 1032
10.35, 1033
10.34, 1034
10.42, 1035
10.41, 1036
10.4, 1037
10.49, 1038
10.58, 1039
10.57, 1040
10.56, 1041
10.55, 1042
10.63, 1043
10.62, 1044
10.61, 1045
10.6, 1046
10.69, 1047
10.77, 1048
10.76, 1049
10.75, 1050
10.74, 1051
10.73, 1052
10.72, 1053
10.71, 1054
10.7, 1055
10.79, 1056
10.78, 1057
10.76, 1058
10.85, 1059
10.84, 1060
10.83, 1061
10.82, 1062
10.9, 1063
10.89, 1064
10.88, 1065
10.87, 1066
10.86, 1067
10.85, 1068
10.84, 1069
10.83, 1070
10.91, 1071
11, 1072
10.99, 1073
10.98, 1074
10.97, 1075
10.96, 1076
10.95, 1077
10.94, 1078
10.93, 1079
10.92, 1080
10.91, 1081
10.9, 1082
10.89, 1083
10.97, 1084
10.96, 1085
10.95, 1086
10.94, 1087
10.93, 1088
11.01, 1089
11, 1090
10.99, 1091
11.07, 1092
11.06, 1093
11.05, 1094
11.04, 1095
11.03, 1096
11.02, 1097
11.01, 1098
11, 1099
10.99, 1100
10.98, 1101
10.97, 1102
10.96, 1103
10.95, 1104
10.94, 1105
10.93, 1106
11.01, 1107
11, 1108
10.99, 1109
10.98, 1110
11.06, 1111
11.05, 1112
11.04, 1113
11.03, 1114
11.02, 1115
11.01, 1116
11, 1117
11.08, 1118
11.07, 1119
11.06, 1120
11.14, 1121
11.13, 1122
11.12, 1123
11.11, 1124
11.19, 1125
11.18, 1126
11.17, 1127
11.16, 1128
11.15, 1129
11.23, 1130
11.22, 1131
11.21, 1132
11.29, 1133
11.28, 1134
11.27, 1135
11.26, 1136
11.25, 1137
11.24, 1138
11.23, 1139
11.31, 1140
11.38, 1141
11.37, 1142
11.36, 1143
11.35, 1144
11.34, 1145
11.42, 1146
11.41, 1147
11.4, 1148
11.48, 1149
11.47, 1150
11.46, 1151
11.45, 1152
11.44, 1153
11.52, 1154
11.51, 1155
11.5, 1156
11.49, 1157
11.48, 1158
11.47, 1159
11.46, 1160
11.45, 1161
11.44, 1162
11.43, 1163
11.5, 1164
11.49, 1165
11.48, 1166
11.56, 1167
11.63, 1168
11.62, 1169
11.61, 1170
11.6, 1171
11.59, 1172
11.58, 1173
11.57, 1174
11.56, 1175
11.64, 1176
11.63, 1177
11.62, 1178
11.69, 1179
11.69, 1180
11.68, 1181
11.67, 1182
11.66, 1183
11.73, 1184
11.8, 1185
11.79, 1186
11.78, 1187
11.77, 1188
11.85, 1189
11.92, 1190
11.91, 1191
11.99, 1192
11.98, 1193
12.05, 1194
12.04, 1195
12.11, 1196
12.19, 1197
12.26, 1198
12.33, 1199
12.32, 1200
12.31, 1201
12.3, 1202
12.29, 1203
12.28, 1204
12.27, 1205
12.26, 1206
12.25, 1207
12.24, 1208
12.23, 1209
12.22, 1210
12.21, 1211
12.28, 1212
12.27, 1213
12.35, 1214
12.34, 1215
12.33, 1216
12.4, 1217
12.39, 1218
12.38, 1219
12.45, 1220
12.44, 1221
12.43, 1222
12.42, 1223
12.41, 1224
12.48, 1225
12.47, 1226
12.46, 1227
12.53, 1228
12.52, 1229
12.51, 1230
12.58, 1231
12.65, 1232
12.64, 1233
12.63, 1234
12.62, 1235
12.61, 1236
12.6, 1237
12.59, 1238
12.58, 1239
12.57, 1240
12.64, 1241
12.63, 1242
12.62, 1243
12.69, 1244
12.76, 1245
12.83, 1246
12.82, 1247
12.81, 1248
12.8, 1249
12.87, 1250
12.86, 1251
12.93, 1252
13, 1253
12.99, 1254
12.98, 1255
12.97, 1256
12.96, 1257
12.95, 1258
12.94, 1259
12.93, 1260
12.92, 1261
12.91, 1262
12.9, 1263
12.89, 1264
12.88, 1265
12.87, 1266
12.85, 1267
12.84, 1268
12.83, 1269
12.82, 1270
12.89, 1271
12.88, 1272
12.87, 1273
12.86, 1274
12.85, 1275
12.84, 1276
12.83, 1277
12.82, 1278
12.81, 1279
12.8, 1280
12.87, 1281
12.86, 1282
12.85, 1283
12.84, 1284
12.83, 1285
12.9, 1286
12.89, 1287
12.88, 1288
12.87, 1289
12.86, 1290
12.93, 1291
12.92, 1292
12.91, 1293
12.97, 1294
13.04, 1295
13.03, 1296
13.02, 1297
13.09, 1298
13.08, 1299
13.07, 1300
13.06, 1301
13.05, 1302
13.04, 1303
13.03, 1304
13.09, 1305
13.16, 1306
13.15, 1307
13.14, 1308
13.13, 1309
13.2, 1310
13.19, 1311
13.18, 1312
13.17, 1313
13.16, 1314
13.15, 1315
13.14, 1316
13.13, 1317
13.12, 1318
13.18, 1319
13.25, 1320
13.31, 1321
13.3, 1322
13.29, 1323
13.36, 1324
13.35, 1325
13.41, 1326
13.4, 1327
13.39, 1328
13.46, 1329
13.45, 1330
13.44, 1331
13.43, 1332
13.49, 1333
13.56, 1334
13.55, 1335
13.54, 1336
13.53, 1337
13.52, 1338
13.51, 1339
13.5, 1340
13.49, 1341
13.48, 1342
13.47, 1343
13.46, 1344
13.45, 1345
13.44, 1346
13.43, 1347
13.42, 1348
13.41, 1349
13.47, 1350
13.46, 1351
13.45, 1352
13.44, 1353
13.43, 1354
13.42, 1355
13.41, 1356
13.4, 1357
13.39, 1358
13.38, 1359
13.37, 1360
13.36, 1361
13.35, 1362
13.34, 1363
13.33, 1364
13.32, 1365
13.39, 1366
13.38, 1367
13.37, 1368
13.43, 1369
13.42, 1370
13.41, 1371
13.4, 1372
13.46, 1373
13.45, 1374
13.44, 1375
13.51, 1376
13.5, 1377
13.56, 1378
13.62, 1379
13.61, 1380
13.6, 1381
13.67, 1382
13.66, 1383
13.72, 1384
13.71, 1385
13.7, 1386
13.69, 1387
13.75, 1388
13.74, 1389
13.73, 1390
13.79, 1391
13.85, 1392
13.85, 1393
13.91, 1394
13.9, 1395
13.96, 1396
13.95, 1397
14.01, 1398
14.07, 1399
14.06, 1400
14.05, 1401
14.04, 1402
14.03, 1403
14.02, 1404
14.08, 1405
14.07, 1406
14.06, 1407
14.05, 1408
14.04, 1409
14.03, 1410
14.02, 1411
14.01, 1412
14.07, 1413
14.06, 1414
14.05, 1415
14.04, 1416
14.1, 1417
14.09, 1418
14.08, 1419
14.07, 1420
14.14, 1421
14.13, 1422
14.12, 1423
14.18, 1424
14.24, 1425
14.23, 1426
14.29, 1427
14.28, 1428
14.27, 1429
14.33, 1430
14.32, 1431
14.38, 1432
14.44, 1433
14.43, 1434
14.42, 1435
14.47, 1436
14.46, 1437
14.52, 1438
14.58, 1439
14.64, 1440
14.7, 1441
14.69, 1442
14.75, 1443
14.74, 1444
14.73, 1445
14.79, 1446
14.78, 1447
14.77, 1448
14.76, 1449
14.82, 1450
14.81, 1451
14.8, 1452
14.79, 1453
14.85, 1454
14.84, 1455
14.82, 1456
14.81, 1457
14.87, 1458
14.86, 1459
14.85, 1460
14.84, 1461
14.83, 1462
14.89, 1463
14.88, 1464
14.87, 1465
14.86, 1466
14.85, 1467
14.84, 1468
14.83, 1469
14.82, 1470
14.81, 1471
14.8, 1472
14.79, 1473
14.78, 1474
14.84, 1475
14.83, 1476
14.82, 1477
14.81, 1478
14.86, 1479
14.85, 1480
14.84, 1481
14.83, 1482
14.89, 1483
14.95, 1484
14.94, 1485
14.93, 1486
14.92, 1487
14.98, 1488
15.03, 1489
15.02, 1490
15.01, 1491
15.07, 1492
15.13, 1493
15.18, 1494
15.17, 1495
15.16, 1496
15.15, 1497
15.14, 1498
15.13, 1499
15.12, 1500
15.11, 1501
15.17, 1502
15.16, 1503
15.15, 1504
15.21, 1505
15.26, 1506
15.25, 1507
15.31, 1508
15.3, 1509
15.35, 1510
15.34, 1511
15.33, 1512
15.39, 1513
15.45, 1514
15.44, 1515
15.43, 1516
15.42, 1517
15.4, 1518
15.39, 1519
15.45, 1520
15.44, 1521
15.5, 1522
15.55, 1523
15.54, 1524
15.53, 1525
15.52, 1526
15.51, 1527
15.5, 1528
15.56, 1529
15.55, 1530
15.6, 1531
15.59, 1532
15.58, 1533
15.64, 1534
15.69, 1535
15.74, 1536
15.73, 1537
15.72, 1538
15.71, 1539
15.7, 1540
15.76, 1541
15.75, 1542
15.8, 1543
15.79, 1544
15.85, 1545
15.84, 1546
15.83, 1547
15.82, 1548
15.87, 1549
15.93, 1550
15.91, 1551
15.9, 1552
15.89, 1553
15.88, 1554
15.87, 1555
15.93, 1556
15.92, 1557
15.91, 1558
15.9, 1559
15.89, 1560
15.88, 1561
15.93, 1562
15.98, 1563
15.97, 1564
16.03, 1565
16.02, 1566
16.01, 1567
16.06, 1568
16.05, 1569
16.04, 1570
16.03, 1571
16.02, 1572
16.07, 1573
16.06, 1574
16.05, 1575
16.04, 1576
16.03, 1577
16.09, 1578
16.08, 1579
16.07, 1580
16.12, 1581
16.11, 1582
16.1, 1583
16.09, 1584
16.08, 1585
16.13, 1586
16.12, 1587
16.11, 1588
16.16, 1589
16.15, 1590
16.14, 1591
16.13, 1592
16.12, 1593
16.18, 1594
16.17, 1595
16.16, 1596
16.21, 1597
16.26, 1598
16.25, 1599
16.3, 1600
16.35, 1601
16.34, 1602
16.4, 1603
16.39, 1604
16.38, 1605
16.37, 1606
16.36, 1607
16.35, 1608
16.34, 1609
16.39, 1610
16.38, 1611
16.43, 1612
16.48, 1613
16.53, 1614
16.52, 1615
16.57, 1616
16.63, 1617
16.62, 1618
16.67, 1619
16.72, 1620
16.71, 1621
16.7, 1622
16.75, 1623
16.74, 1624
16.73, 1625
16.72, 1626
16.77, 1627
16.76, 1628
16.75, 1629
16.74, 1630
16.73, 1631
16.72, 1632
16.71, 1633
16.76, 1634
16.75, 1635
16.8, 1636
16.85, 1637
16.84, 1638
16.89, 1639
16.88, 1640
16.87, 1641
16.86, 1642
16.91, 1643
16.96, 1644
17.01, 1645
17.06, 1646
17.05, 1647
17.04, 1648
17.03, 1649
17.08, 1650
17.13, 1651
17.12, 1652
17.11, 1653
17.1, 1654
17.09, 1655
17.14, 1656
17.13, 1657
17.18, 1658
17.17, 1659
17.16, 1660
17.15, 1661
17.2, 1662
17.19, 1663
17.24, 1664
17.23, 1665
17.22, 1666
17.27, 1667
17.26, 1668
17.25, 1669
17.24, 1670
17.22, 1671
17.27, 1672
17.26, 1673
17.25, 1674
17.24, 1675
17.23, 1676
17.22, 1677
17.27, 1678
17.26, 1679
17.31, 1680
17.3, 1681
17.29, 1682
17.28, 1683
17.27, 1684
17.26, 1685
17.25, 1686
17.3, 1687
17.29, 1688
17.28, 1689
17.33, 1690
17.32, 1691
17.37, 1692
17.36, 1693
17.35, 1694
17.33, 1695
17.38, 1696
17.43, 1697
17.42, 1698
17.41, 1699
17.4, 1700
17.39, 1701
17.38, 1702
17.37, 1703
17.36, 1704
17.35, 1705
17.34, 1706
17.39, 1707
17.38, 1708
17.43, 1709
17.42, 1710
17.46, 1711
17.45, 1712
17.44, 1713
17.43, 1714
17.42, 1715
17.47, 1716
17.46, 1717
17.45, 1718
17.44, 1719
17.43, 1720
17.42, 1721
17.41, 1722
17.4, 1723
17.39, 1724
17.44, 1725
17.43, 1726
17.42, 1727
17.41, 1728
17.4, 1729
17.45, 1730
17.49, 1731
17.48, 1732
17.47, 1733
17.46, 1734
17.51, 1735
17.56, 1736
17.55, 1737
17.54, 1738
17.53, 1739
17.52, 1740
17.57, 1741
17.61, 1742
17.66, 1743
17.71, 1744
17.7, 1745
17.69, 1746
17.73, 1747
17.78, 1748
17.83, 1749
17.82, 1750
17.87, 1751
17.86, 1752
17.84, 1753
17.83, 1754
17.88, 1755
17.87, 1756
17.86, 1757
17.85, 1758
17.84, 1759
17.89, 1760
17.93, 1761
17.98, 1762
17.97, 1763
17.96, 1764
17.95, 1765
18, 1766
17.99, 1767
17.98, 1768
17.97, 1769
17.96, 1770
17.95, 1771
17.94, 1772
17.93, 1773
17.92, 1774
17.96, 1775
17.95, 1776
17.94, 1777
17.93, 1778
17.92, 1779
17.91, 1780
17.9, 1781
17.95, 1782
17.94, 1783
17.93, 1784
17.97, 1785
17.96, 1786
17.95, 1787
17.94, 1788
17.99, 1789
17.98, 1790
18.02, 1791
18.01, 1792
18.06, 1793
18.05, 1794
18.04, 1795
18.03, 1796
18.02, 1797
18.01, 1798
18, 1799
17.99, 1800
17.98, 1801
18.03, 1802
18.07, 1803
18.12, 1804
18.11, 1805
18.15, 1806
18.14, 1807
18.13, 1808
18.12, 1809
18.11, 1810
18.16, 1811
18.15, 1812
18.14, 1813
18.18, 1814
18.23, 1815
18.22, 1816
18.21, 1817
18.2, 1818
18.24, 1819
18.23, 1820
18.28, 1821
18.32, 1822
18.31, 1823
18.3, 1824
18.35, 1825
18.39, 1826
18.38, 1827
18.37, 1828
18.36, 1829
18.35, 1830
18.4, 1831
18.39, 1832
18.38, 1833
18.42, 1834
18.41, 1835
18.4, 1836
18.39, 1837
18.38, 1838
18.37, 1839
18.36, 1840
18.35, 1841
18.34, 1842
18.38, 1843
18.37, 1844
18.36, 1845
18.41, 1846
18.45, 1847
18.5, 1848
18.54, 1849
18.58, 1850
18.63, 1851
18.67, 1852
18.66, 1853
18.65, 1854
18.64, 1855
18.63, 1856
18.68, 1857
18.67, 1858
18.71, 1859
18.75, 1860
18.8, 1861
18.79, 1862
18.83, 1863
18.87, 1864
18.86, 1865
18.85, 1866
18.84, 1867
18.83, 1868
18.82, 1869
18.81, 1870
18.86, 1871
18.9, 1872
18.94, 1873
18.93, 1874
18.92, 1875
18.91, 1876
18.9, 1877
18.89, 1878
18.94, 1879
18.93, 1880
18.97, 1881
18.96, 1882
19, 1883
18.99, 1884
18.98, 1885
19.02, 1886
19.01, 1887
19, 1888
19.05, 1889
19.09, 1890
19.13, 1891
19.12, 1892
19.17, 1893
19.16, 1894
19.2, 1895
19.24, 1896
19.28, 1897
19.33, 1898
19.37, 1899
19.36, 1900
19.4, 1901
19.39, 1902
19.38, 1903
19.42, 1904
19.46, 1905
19.45, 1906
19.5, 1907
19.49, 1908
19.48, 1909
19.47, 1910
19.46, 1911
19.5, 1912
19.49, 1913
19.53, 1914
19.52, 1915
19.56, 1916
19.55, 1917
19.54, 1918
19.53, 1919
19.52, 1920
19.56, 1921
19.55, 1922
19.54, 1923
19.58, 1924
19.57, 1925
19.56, 1926
19.61, 1927
19.6, 1928
19.64, 1929
19.63, 1930
19.62, 1931
19.66, 1932
19.7, 1933
19.69, 1934
19.68, 1935
19.67, 1936
19.66, 1937
19.7, 1938
19.69, 1939
19.68, 1940
19.67, 1941
19.66, 1942
19.65, 1943
19.69, 1944
19.68, 1945
19.72, 1946
19.71, 1947
19.75, 1948
19.74, 1949
19.73, 1950
19.72, 1951
19.71, 1952
19.7, 1953
19.69, 1954
19.68, 1955
19.67, 1956
19.71, 1957
19.7, 1958
19.69, 1959
19.68, 1960
19.67, 1961
19.66, 1962
19.7, 1963
19.69, 1964
19.68, 1965
19.67, 1966
19.72, 1967
19.76, 1968
19.75, 1969
19.74, 1970
19.73, 1971
19.77, 1972
19.76, 1973
19.75, 1974
19.74, 1975
19.78, 1976
19.77, 1977
19.76, 1978
19.8, 1979
19.84, 1980
19.83, 1981
19.82, 1982
19.81, 1983
19.8, 1984
19.79, 1985
19.78, 1986
19.77, 1987
19.76, 1988
19.8, 1989
19.79, 1990
19.78, 1991
19.82, 1992
19.81, 1993
19.8, 1994
19.84, 1995
19.83, 1996
19.87, 1997
19.86, 1998
19.9, 1999
19.89, 2000
19.88, 2001
19.87, 2002
19.86, 2003
19.85, 2004
19.89, 2005
19.93, 2006
19.97, 2007
19.96, 2008
19.95, 2009
19.94, 2010
19.93, 2011
19.97, 2012
19.96, 2013
19.95, 2014
19.99, 2015
19.98, 2016
19.97, 2017
19.96, 2018
20, 2019
20.04, 2020
20.03, 2021
20.02, 2022
20.06, 2023
20.05, 2024
20.09, 2025
20.08, 2026
20.07, 2027
20.11, 2028
20.15, 2029
20.19, 2030
20.18, 2031
20.22, 2032
20.21, 2033
20.25, 2034
20.28, 2035
20.27, 2036
20.26, 2037
20.26, 2038
20.25, 2039
20.24, 2040
20.27, 2041
20.26, 2042
20.25, 2043
20.24, 2044
20.23, 2045
20.27, 2046
20.31, 2047
20.3, 2048
20.29, 2049
20.28, 2050
20.27, 2051
20.26, 2052
20.25, 2053
20.29, 2054
20.28, 2055
20.27, 2056
20.26, 2057
20.25, 2058
20.24, 2059
20.28, 2060
20.32, 2061
20.31, 2062
20.3, 2063
20.29, 2064
20.28, 2065
20.27, 2066
20.26, 2067
20.25, 2068
20.29, 2069
20.28, 2070
20.27, 2071
20.26, 2072
20.3, 2073
20.29, 2074
20.28, 2075
20.32, 2076
20.31, 2077
20.35, 2078
20.38, 2079
20.37, 2080
20.37, 2081
20.4, 2082
20.39, 2083
20.38, 2084
20.37, 2085
20.41, 2086
20.4, 2087
20.39, 2088
20.43, 2089
20.47, 2090
20.51, 2091
20.5, 2092
20.53, 2093
20.53, 2094
20.56, 2095
20.6, 2096
20.64, 2097
20.63, 2098
20.62, 2099
20.61, 2100
20.6, 2101
20.64, 2102
20.63, 2103
20.67, 2104
20.66, 2105
20.65, 2106
20.64, 2107
20.67, 2108
20.66, 2109
20.65, 2110
20.64, 2111
20.63, 2112
20.62, 2113
20.61, 2114
20.65, 2115
20.69, 2116
20.73, 2117
20.72, 2118
20.71, 2119
20.7, 2120
20.74, 2121
20.73, 2122
20.76, 2123
20.75, 2124
20.74, 2125
20.73, 2126
20.72, 2127
20.71, 2128
20.75, 2129
20.79, 2130
20.78, 2131
20.77, 2132
20.76, 2133
20.75, 2134
20.74, 2135
20.78, 2136
20.77, 2137
20.76, 2138
20.79, 2139
20.78, 2140
20.82, 2141
20.81, 2142
20.8, 2143
20.84, 2144
20.83, 2145
20.82, 2146
20.81, 2147
20.8, 2148
20.79, 2149
20.83, 2150
20.82, 2151
20.81, 2152
20.8, 2153
20.79, 2154
20.83, 2155
20.82, 2156
20.81, 2157
20.84, 2158
20.83, 2159
20.87, 2160
20.91, 2161
20.94, 2162
20.98, 2163
20.97, 2164
20.96, 2165
20.95, 2166
20.94, 2167
20.93, 2168
20.97, 2169
20.96, 2170
20.99, 2171
20.98, 2172
21.02, 2173
21.01, 2174
21.05, 2175
21.04, 2176
21.07, 2177
21.06, 2178
21.1, 2179
21.14, 2180
21.13, 2181
21.12, 2182
21.15, 2183
21.14, 2184
21.13, 2185
21.12, 2186
21.12, 2187
21.11, 2188
21.14, 2189
21.18, 2190
21.17, 2191
21.2, 2192
21.19, 2193
21.23, 2194
21.27, 2195
21.26, 2196
21.25, 2197
21.28, 2198
21.27, 2199
21.26, 2200
21.3, 2201
21.29, 2202
21.32, 2203
21.36, 2204
21.4, 2205
21.43, 2206
21.47, 2207
21.46, 2208
21.45, 2209
21.44, 2210
21.43, 2211
21.42, 2212
21.45, 2213
21.44, 2214
21.48, 2215
21.52, 2216
21.55, 2217
21.54, 2218
21.58, 2219
21.57, 2220
21.6, 2221
21.59, 2222
21.63, 2223
21.62, 2224
21.65, 2225
21.69, 2226
21.68, 2227
21.67, 2228
21.7, 2229
21.74, 2230
21.77, 2231
21.81, 2232
21.8, 2233
21.79, 2234
21.78, 2235
21.77, 2236
21.81, 2237
21.84, 2238
21.83, 2239
21.82, 2240
21.81, 2241
21.85, 2242
21.84, 2243
21.87, 2244
21.86, 2245
21.85, 2246
21.84, 2247
21.88, 2248
21.87, 2249
21.9, 2250
21.94, 2251
21.97, 2252
22.01, 2253
22, 2254
22.03, 2255
22.02, 2256
22.01, 2257
22.05, 2258
22.08, 2259
22.11, 2260
22.1, 2261
22.09, 2262
22.08, 2263
22.08, 2264
22.11, 2265
22.14, 2266
22.13, 2267
22.12, 2268
22.11, 2269
22.1, 2270
22.1, 2271
22.09, 2272
22.08, 2273
22.07, 2274
22.1, 2275
22.13, 2276
22.12, 2277
22.11, 2278
22.11, 2279
22.1, 2280
22.13, 2281
22.16, 2282
22.2, 2283
22.19, 2284
22.22, 2285
22.21, 2286
22.25, 2287
22.24, 2288
22.23, 2289
22.22, 2290
22.25, 2291
22.29, 2292
22.28, 2293
22.27, 2294
22.3, 2295
22.33, 2296
22.37, 2297
22.4, 2298
22.39, 2299
22.43, 2300
22.42, 2301
22.41, 2302
22.4, 2303
22.39, 2304
22.38, 2305
22.37, 2306
22.36, 2307
22.39, 2308
22.38, 2309
22.37, 2310
22.36, 2311
22.4, 2312
22.43, 2313
22.42, 2314
22.45, 2315
22.44, 2316
22.48, 2317
22.47, 2318
22.5, 2319
22.49, 2320
22.48, 2321
22.51, 2322
22.5, 2323
22.49, 2324
22.53, 2325
22.52, 2326
22.51, 2327
22.5, 2328
22.53, 2329
22.52, 2330
22.56, 2331
22.55, 2332
22.58, 2333
22.57, 2334
22.56, 2335
22.55, 2336
22.54, 2337
22.53, 2338
22.52, 2339
22.51, 2340
22.54, 2341
22.54, 2342
22.53, 2343
22.52, 2344
22.51, 2345
22.5, 2346
22.49, 2347
22.52, 2348
22.51, 2349
22.5, 2350
22.53, 2351
22.57, 2352
22.6, 2353
22.59, 2354
22.58, 2355
22.57, 2356
22.6, 2357
22.64, 2358
22.67, 2359
22.66, 2360
22.69, 2361
22.73, 2362
22.76, 2363
22.75, 2364
22.74, 2365
22.77, 2366
22.76, 2367
22.79, 2368
22.78, 2369
22.78, 2370
22.77, 2371
22.76, 2372
22.75, 2373
22.74, 2374
22.77, 2375
22.8, 2376
22.79, 2377
22.78, 2378
22.82, 2379
22.85, 2380
22.88, 2381
22.87, 2382
22.9, 2383
22.94, 2384
22.97, 2385
23, 2386
23.03, 2387
23.06, 2388
23.05, 2389
23.09, 2390
23.12, 2391
23.15, 2392
23.18, 2393
23.17, 2394
23.16, 2395
23.15, 2396
23.19, 2397
23.18, 2398
23.21, 2399
23.2, 2400
23.23, 2401
23.26, 2402
23.29, 2403
23.33, 2404
23.36, 2405
23.35, 2406
23.38, 2407
23.37, 2408
23.4, 2409
23.43, 2410
23.42, 2411
23.41, 2412
23.41, 2413
23.44, 2414
23.43, 2415
23.42, 2416
23.41, 2417
23.4, 2418
23.39, 2419
23.38, 2420
23.37, 2421
23.4, 2422
23.39, 2423
23.38, 2424
23.37, 2425
23.36, 2426
23.39, 2427
23.43, 2428
23.42, 2429
23.41, 2430
23.44, 2431
23.43, 2432
23.42, 2433
23.45, 2434
23.48, 2435
23.47, 2436
23.5, 2437
23.53, 2438
23.57, 2439
23.6, 2440
23.63, 2441
23.62, 2442
23.61, 2443
23.64, 2444
23.63, 2445
23.66, 2446
23.65, 2447
23.68, 2448
23.67, 2449
23.66, 2450
23.69, 2451
23.69, 2452
23.68, 2453
23.71, 2454
23.74, 2455
23.73, 2456
23.72, 2457
23.71, 2458
23.74, 2459
23.77, 2460
23.8, 2461
23.79, 2462
23.78, 2463
23.81, 2464
23.84, 2465
23.83, 2466
23.82, 2467
23.82, 2468
23.81, 2469
23.8, 2470
23.83, 2471
23.86, 2472
23.89, 2473
23.92, 2474
23.95, 2475
23.94, 2476
23.97, 2477
23.96, 2478
23.95, 2479
23.94, 2480
23.97, 2481
24, 2482
23.99, 2483
23.98, 2484
24.01, 2485
24.05, 2486
24.08, 2487
24.07, 2488
24.06, 2489
24.05, 2490
24.04, 2491
24.07, 2492
24.1, 2493
24.13, 2494
24.12, 2495
24.15, 2496
24.14, 2497
24.17, 2498
24.16, 2499
24.15, 2500
24.14, 2501
24.13, 2502
24.12, 2503
24.11, 2504
24.1, 2505
24.13, 2506
24.12, 2507
24.11, 2508
24.1, 2509
24.13, 2510
24.12, 2511
24.11, 2512
24.14, 2513
24.17, 2514
24.17, 2515
24.2, 2516
24.19, 2517
24.18, 2518
24.17, 2519
24.2, 2520
24.23, 2521
24.22, 2522
24.25, 2523
24.24, 2524
24.27, 2525
24.26, 2526
24.29, 2527
24.32, 2528
24.35, 2529
24.38, 2530
24.37, 2531
24.36, 2532
24.39, 2533
24.42, 2534
24.41, 2535
24.4, 2536
24.39, 2537
24.38, 2538
24.37, 2539
24.4, 2540
24.39, 2541
24.38, 2542
24.37, 2543
24.36, 2544
24.39, 2545
24.42, 2546
24.41, 2547
24.4, 2548
24.39, 2549
24.38, 2550
24.41, 2551
24.4, 2552
24.39, 2553
24.38, 2554
24.41, 2555
24.4, 2556
24.39, 2557
24.38, 2558
24.38, 2559
24.4, 2560
24.43, 2561
24.42, 2562
24.45, 2563
24.48, 2564
24.47, 2565
24.46, 2566
24.49, 2567
24.48, 2568
24.51, 2569
24.5, 2570
24.49, 2571
24.52, 2572
24.51, 2573
24.5, 2574
24.53, 2575
24.56, 2576
24.55, 2577
24.58, 2578
24.61, 2579
24.64, 2580
24.63, 2581
24.62, 2582
24.61, 2583
24.6, 2584
24.63, 2585
24.62, 2586
24.65, 2587
24.68, 2588
24.71, 2589
24.7, 2590
24.69, 2591
24.72, 2592
24.71, 2593
24.74, 2594
24.77, 2595
24.8, 2596
24.83, 2597
24.82, 2598
24.85, 2599
24.88, 2600
24.87, 2601
24.86, 2602
24.88, 2603
24.88, 2604
24.9, 2605
24.89, 2606
24.92, 2607
24.95, 2608
24.94, 2609
24.97, 2610
24.96, 2611
24.95, 2612
24.98, 2613
25.01, 2614
25, 2615
24.99, 2616
24.98, 2617
25.01, 2618
25, 2619
24.99, 2620
25.02, 2621
25.05, 2622
25.04, 2623
25.03, 2624
25.02, 2625
25.01, 2626
25.04, 2627
25.03, 2628
25.02, 2629
25.01, 2630
25, 2631
25.03, 2632
25.06, 2633
25.05, 2634
25.04, 2635
25.03, 2636
25.02, 2637
25.01, 2638
25.04, 2639
25.03, 2640
25.06, 2641
25.09, 2642
25.08, 2643
25.07, 2644
25.09, 2645
25.09, 2646
25.11, 2647
25.14, 2648
25.17, 2649
25.2, 2650
25.19, 2651
25.22, 2652
25.21, 2653
25.2, 2654
25.19, 2655
25.18, 2656
25.17, 2657
25.16, 2658
25.15, 2659
25.14, 2660
25.13, 2661
25.16, 2662
25.19, 2663
25.22, 2664
25.21, 2665
25.23, 2666
25.22, 2667
25.22, 2668
25.24, 2669
25.23, 2670
25.22, 2671
25.22, 2672
25.24, 2673
25.23, 2674
25.26, 2675
25.29, 2676
25.32, 2677
25.31, 2678
25.3, 2679
25.29, 2680
25.32, 2681
25.31, 2682
25.34, 2683
25.36, 2684
25.39, 2685
25.38, 2686
25.37, 2687
25.36, 2688
25.35, 2689
25.38, 2690
25.37, 2691
25.4, 2692
25.43, 2693
25.45, 2694
25.48, 2695
25.47, 2696
25.5, 2697
25.49, 2698
25.48, 2699
25.51, 2700
25.5, 2701
25.49, 2702
25.48, 2703
25.47, 2704
25.46, 2705
25.45, 2706
25.44, 2707
25.47, 2708
25.46, 2709
25.45, 2710
25.48, 2711
25.51, 2712
25.5, 2713
25.49, 2714
25.48, 2715
25.47, 2716
25.46, 2717
25.49, 2718
25.48, 2719
25.47, 2720
25.46, 2721
25.49, 2722
25.51, 2723
25.5, 2724
25.5, 2725
25.49, 2726
25.48, 2727
25.47, 2728
25.46, 2729
25.49, 2730
25.51, 2731
25.5, 2732
25.53, 2733
25.52, 2734
25.55, 2735
25.58, 2736
25.57, 2737
25.59, 2738
25.58, 2739
25.57, 2740
25.6, 2741
25.59, 2742
25.58, 2743
25.61, 2744
25.6, 2745
25.59, 2746
25.58, 2747
25.61, 2748
25.64, 2749
25.63, 2750
25.62, 2751
25.61, 2752
25.6, 2753
25.59, 2754
25.62, 2755
25.61, 2756
25.6, 2757
25.59, 2758
25.62, 2759
25.61, 2760
25.6, 2761
25.62, 2762
25.65, 2763
25.68, 2764
25.67, 2765
25.7, 2766
25.72, 2767
25.71, 2768
25.74, 2769
25.73, 2770
25.72, 2771
25.75, 2772
25.74, 2773
25.77, 2774
25.76, 2775
25.75, 2776
25.77, 2777
25.76, 2778
25.79, 2779
25.78, 2780
25.77, 2781
25.76, 2782
25.79, 2783
25.78, 2784
25.81, 2785
25.83, 2786
25.82, 2787
25.82, 2788
25.81, 2789
25.83, 2790
25.82, 2791
25.81, 2792
25.84, 2793
25.87, 2794
25.89, 2795
25.92, 2796
25.91, 2797
25.94, 2798
25.93, 2799
25.96, 2800
25.95, 2801
25.97, 2802
25.96, 2803
25.99, 2804
25.98, 2805
25.97, 2806
25.96, 2807
25.95, 2808
25.98, 2809
25.97, 2810
26, 2811
26.02, 2812
26.01, 2813
26.04, 2814
26.07, 2815
26.09, 2816
26.08, 2817
26.07, 2818
26.06, 2819
26.05, 2820
26.05, 2821
26.04, 2822
26.06, 2823
26.05, 2824
26.08, 2825
26.07, 2826
26.1, 2827
26.09, 2828
26.11, 2829
26.14, 2830
26.17, 2831
26.16, 2832
26.15, 2833
26.14, 2834
26.16, 2835
26.19, 2836
26.22, 2837
26.21, 2838
26.2, 2839
26.19, 2840
26.21, 2841
26.2, 2842
26.2, 2843
26.22, 2844
26.25, 2845
26.24, 2846
26.23, 2847
26.22, 2848
26.21, 2849
26.24, 2850
26.23, 2851
26.25, 2852
26.24, 2853
26.27, 2854
26.3, 2855
26.29, 2856
26.28, 2857
26.3, 2858
26.29, 2859
26.32, 2860
26.31, 2861
26.3, 2862
26.29, 2863
26.28, 2864
26.31, 2865
26.3, 2866
26.29, 2867
26.32, 2868
26.34, 2869
26.33, 2870
26.36, 2871
26.38, 2872
26.37, 2873
26.37, 2874
26.39, 2875
26.38, 2876
26.37, 2877
26.36, 2878
26.35, 2879
26.38, 2880
26.37, 2881
26.36, 2882
26.35, 2883
26.38, 2884
26.37, 2885
26.39, 2886
26.42, 2887
26.45, 2888
26.44, 2889
26.43, 2890
26.42, 2891
26.41, 2892
26.4, 2893
26.42, 2894
26.45, 2895
26.44, 2896
26.47, 2897
26.49, 2898
26.52, 2899
26.51, 2900
26.53, 2901
26.56, 2902
26.55, 2903
26.54, 2904
26.57, 2905
26.56, 2906
26.58, 2907
26.61, 2908
26.63, 2909
26.62, 2910
26.61, 2911
26.64, 2912
26.63, 2913
26.62, 2914
26.61, 2915
26.64, 2916
26.66, 2917
26.69, 2918
26.68, 2919
26.7, 2920
26.69, 2921
26.68, 2922
26.71, 2923
26.74, 2924
26.73, 2925
26.75, 2926
26.74, 2927
26.77, 2928
26.76, 2929
26.75, 2930
26.77, 2931
26.8, 2932
26.79, 2933
26.78, 2934
26.77, 2935
26.8, 2936
26.79, 2937
26.78, 2938
26.8, 2939
26.83, 2940
26.82, 2941
26.84, 2942
26.83, 2943
26.83, 2944
26.82, 2945
26.84, 2946
26.83, 2947
26.82, 2948
26.85, 2949
26.84, 2950
26.86, 2951
26.89, 2952
26.91, 2953
26.94, 2954
26.93, 2955
26.92, 2956
26.91, 2957
26.93, 2958
26.93, 2959
26.95, 2960
26.94, 2961
26.93, 2962
26.92, 2963
26.91, 2964
26.94, 2965
26.93, 2966
26.95, 2967
26.98, 2968
27, 2969
26.99, 2970
26.99, 2971
26.98, 2972
27, 2973
26.99, 2974
27.02, 2975
27.04, 2976
27.03, 2977
27.02, 2978
27.05, 2979
27.04, 2980
27.06, 2981
27.09, 2982
27.08, 2983
27.07, 2984
27.06, 2985
27.05, 2986
27.07, 2987
27.1, 2988
27.12, 2989
27.11, 2990
27.14, 2991
27.13, 2992
27.15, 2993
27.15, 2994
27.14, 2995
27.16, 2996
27.18, 2997
27.21, 2998
27.23, 2999
